Version,N,C,se_K,Time_ms,GFLOPS,Bandwidth_GB/s
V0,64,128,64,0.520544,8.30934,8.6895
V1,64,128,64,0.118209,36.591,38.265
V2,64,128,64,32.1691,0.134457,0.140609
V0,128,128,64,0.479537,18.0398,18.7258
V1,128,128,64,0.107725,80.3043,83.358
V2,128,128,64,57.9009,0.149406,0.155088
V0,256,128,64,0.884914,19.5516,20.2196
V1,256,128,64,0.198074,87.3485,90.3328
V2,256,128,64,99.4185,0.174027,0.179973
