Version,N,C,H,W,se_K,Time_ms,GFLOPS,Bandwidth_GB/s
V0,64,128,8,8,64,3.45098,1.06347,1.23461
V1,64,128,8,8,64,1.12154,3.27231,3.79891
V2,64,128,8,8,64,0.512815,7.1566,8.30827
V0,128,128,8,8,64,5.14834,1.42571,1.64226
V1,128,128,8,8,64,2.50892,2.92558,3.36994
V2,128,128,8,8,64,0.471758,15.5589,17.9221
V0,256,128,8,8,64,10.2036,1.43872,1.65075
V1,256,128,8,8,64,4.2191,3.47943,3.99221
V2,256,128,8,8,64,0.712686,20.5982,23.6339
