Version,N,C,H,W,Time_ms,GFLOPS,Bandwidth_GB/s
V0,64,128,8,8,0.0523505,80.1197,80.1588
V1,64,128,8,8,0.0463485,90.4949,90.5391
V2,64,128,8,8,0.0536378,78.1968,78.2349
V0,128,128,8,8,0.10072,83.2861,83.3065
V1,128,128,8,8,0.0897719,93.4436,93.4664
V2,128,128,8,8,0.104526,80.2539,80.2735
V0,256,128,8,8,0.129816,129.238,129.254
V1,256,128,8,8,0.115554,145.189,145.207
V2,256,128,8,8,0.135732,123.606,123.621
