Version,N,C,Time_ms,GFLOPS,Bandwidth_GB/s
V0,64,128,0.0157916,2.59378,4.2149
V1,64,128,0.0053918,7.59672,12.3447
V2,64,128,0.00604568,6.77509,11.0095
V0,128,128,0.0121495,6.74269,10.8726
V1,128,128,0.00610632,13.4156,21.6327
V2,128,128,0.00979542,8.36309,13.4855
V0,256,128,0.017723,9.24448,14.849
V1,256,128,0.00971636,16.8623,27.085
V2,256,128,0.0170113,9.63122,15.4702
