Version,N,C,H,W,Time_ms,GFLOPS,Bandwidth_GB/s
V0,64,64,8,8,0.0292978,40.264,116.318
V1,64,64,8,8,0.0229347,51.435,148.59
V2,64,64,8,8,0.023015,51.2556,148.072
V0,128,64,8,8,0.0352677,66.8969,193.258
V1,128,64,8,8,0.0325302,72.5264,209.521
V2,128,64,8,8,0.0344275,68.5293,197.974
V0,256,64,8,8,0.0605982,77.8668,224.949
V1,256,64,8,8,0.0554197,85.1428,245.968
V2,256,64,8,8,0.0668494,70.5854,203.913
